{
    "10800": {
        "0": {
            "reward": -1529.6427001953125,
            "hyperparameters": {
                "entropy_coef": 0.03385753184556961,
                "critic_coef": 1.0277377367019653,
                "a2c_coef": 0.138718381524086
            }
        },
        "1": {
            "reward": -1483.664306640625,
            "hyperparameters": {
                "entropy_coef": 0.01065846811980009,
                "critic_coef": 0.7031286954879761,
                "a2c_coef": 0.28351643681526184
            }
        },
        "2": {
            "reward": -1533.43701171875,
            "hyperparameters": {
                "entropy_coef": 0.027251746505498886,
                "critic_coef": 0.7673351764678955,
                "a2c_coef": 0.24279750883579254
            }
        },
        "3": {
            "reward": -1399.938720703125,
            "hyperparameters": {
                "entropy_coef": 0.017115889117121696,
                "critic_coef": 0.7304577231407166,
                "a2c_coef": 0.23454910516738892
            }
        },
        "4": {
            "reward": -1393.64013671875,
            "hyperparameters": {
                "entropy_coef": 0.015786519274115562,
                "critic_coef": 0.7953406572341919,
                "a2c_coef": 0.46356144547462463
            }
        },
        "5": {
            "reward": -1482.0450439453125,
            "hyperparameters": {
                "entropy_coef": 0.004515130538493395,
                "critic_coef": 1.137195348739624,
                "a2c_coef": 0.3971915543079376
            }
        },
        "6": {
            "reward": -1548.24658203125,
            "hyperparameters": {
                "entropy_coef": 0.033366523683071136,
                "critic_coef": 1.0589232444763184,
                "a2c_coef": 0.23552696406841278
            }
        },
        "7": {
            "reward": -1362.72412109375,
            "hyperparameters": {
                "entropy_coef": 0.011364777572453022,
                "critic_coef": 0.8661014437675476,
                "a2c_coef": 0.3707394599914551
            }
        },
        "8": {
            "reward": -1302.7847900390625,
            "hyperparameters": {
                "entropy_coef": 0.01564479060471058,
                "critic_coef": 0.6367979049682617,
                "a2c_coef": 0.0613199844956398
            }
        },
        "9": {
            "reward": -1547.908935546875,
            "hyperparameters": {
                "entropy_coef": 0.042449839413166046,
                "critic_coef": 0.6833573579788208,
                "a2c_coef": 0.27278822660446167
            }
        }
    }
}